Moy,Create,Sticky Rice,Esan
Moy,Create,Sticky Rice,Southern
Moy,Create,Travis Scott,Team Travis
YossawajZa,Join,Travis Scott,Team Travis
prariyavit,Join,Travis Scott,Team Travis
mammos,Join,Travis Scott,Team Travis
YossawajZa,Join,Travis Scott,Concert
prariyavit,Join,Travis Scott,Concert
mammos,Join,Travis Scott,Concert
KIRBY888,Join,Travis Scott,Concert
Moy,Create,Youngohm,Youngohm
Moy,Create,Fishing,Yacht
Moy,Create,GOT7 World Tour,Ahgase
Moy,Create,Scuba diving,kirby
mammos,Join,Scuba diving,kirby
KIRBY888,Join,Sticky Rice,Esan
KIRBY888,Join,Scuba diving,kirby
Srettha10K,Join,Scuba diving,kirby
Srettha10K,Join,Sticky Rice,Esan
prariyavit,Join,Sticky Rice,Esan
prariyavit,Join,Fishing,Yacht
DoubleBBayBlade,Join,Fishing,Yacht
RonaldoSiuu,Create,Dance with Ronaldo!,Dance 1
CryBaby01,Join,Dance with Ronaldo!,Dance 1
AbeKunG,Join,Dance with Ronaldo!,Dance 1
Srettha10K,Join,Dance with Ronaldo!,Dance 1
YossawajZa,Join,Scuba diving,kirby
YossawajZa,Join,Dance with Ronaldo!,Dance 1
HalfGojo,Join,Dance with Ronaldo!,Dance 1
HalfGojo,Join,GOT7 World Tour,Ahgase
mammos,Join,GOT7 World Tour,Ahgase
KIRBY888,Join,Dance with Ronaldo!,Dance 1
MinjiLuvPuri,Join,Dance with Ronaldo!,Dance 1
MinjiLuvPuri,Join,GOT7 World Tour,Ahgase
Moy,Create,Concert,Younggu
KIRBY888,Join,Fishing,Yacht
RonaldoSiuu,Join,Fishing,Yacht
RonaldoSiuu,Create,Dance with Ronaldo!,Team Organizer
RonaldoSiuu,Create,Dance with Ronaldo!,Dance 2
RonaldoSiuu,Create,Dance with Ronaldo!,Dance 3
RonaldoSiuu,Create,Dance with Ronaldo!,Dance 4
RonaldoSiuu,Create,Dance with Ronaldo!,Dance 5
Moy,Create,Travis Scott,Concert
MamaMiya,Join,Concert,Younggu