Moy,2023-10-12_1697044715777.jpg,Sticky Rice,13/10/2023,Create
Moy,2023-10-12_1697045005289.PNG,Travis Scott,12/10/2023,Create
Moy,Youngohm.gif,Youngohm,13/10/2023,Create
Moy,2023-10-12_1697045470730.gif,Concert,13/10/2023,Create
Moy,2023-10-12_1697045678169.gif,Fishing,12/10/2023,Create
prariyavit,2023-10-12_1697044715777.jpg,Sticky Rice,12/10/2023,Join
Moy,2023-10-12_1697048144159.jpg,Scuba diving,12/10/2023,Create
Moy,2023-10-12_1697049111241.gif,GOT7 World Tour,13/10/2023,Create
mammos,2023-10-12_1697048144159.jpg,Scuba diving,12/10/2023,Join
KIRBY888,2023-10-12_1697044715777.jpg,Sticky Rice,12/10/2023,Join
KIRBY888,2023-10-12_1697048144159.jpg,Scuba diving,12/10/2023,Join
mammos,2023-10-12_1697044715777.jpg,Sticky Rice,12/10/2023,Join
mammos,2023-10-12_1697045678169.gif,Fishing,12/10/2023,Join
Srettha10K,2023-10-12_1697048144159.jpg,Scuba diving,13/10/2023,Join
Srettha10K,2023-10-12_1697044715777.jpg,Sticky Rice,13/10/2023,Join
prariyavit,2023-10-12_1697044715777.jpg,Sticky Rice,13/10/2023,Join
prariyavit,2023-10-12_1697045678169.gif,Fishing,13/10/2023,Join
DoubleBBayBlade,2023-10-12_1697045678169.gif,Fishing,13/10/2023,Join
mikey,2023-10-12_1697045678169.gif,Fishing,13/10/2023,Join
RonaldoSiuu,2023-10-13_1697138429354.gif,Dance with Ronaldo!,13/10/2023,Create
CryBaby01,2023-10-13_1697138429354.gif,Dance with Ronaldo!,13/10/2023,Join
AbeKunG,2023-10-13_1697138429354.gif,Dance with Ronaldo!,13/10/2023,Join
Srettha10K,2023-10-13_1697138429354.gif,Dance with Ronaldo!,13/10/2023,Join
YossawajZa,2023-10-12_1697048144159.jpg,Scuba diving,13/10/2023,Join
YossawajZa,2023-10-13_1697138429354.gif,Dance with Ronaldo!,13/10/2023,Join
HalfGojo,2023-10-13_1697138429354.gif,Dance with Ronaldo!,13/10/2023,Join
HalfGojo,2023-10-12_1697049111241.gif,GOT7 World Tour,13/10/2023,Join
mammos,2023-10-12_1697049111241.gif,GOT7 World Tour,13/10/2023,Join
KIRBY888,2023-10-13_1697138429354.gif,Dance with Ronaldo!,13/10/2023,Join
MinjiLuvPuri,2023-10-12_1697045470730.gif,Concert,13/10/2023,Join
MinjiLuvPuri,2023-10-13_1697138429354.gif,Dance with Ronaldo!,13/10/2023,Join
MinjiLuvPuri,2023-10-12_1697049111241.gif,GOT7 World Tour,13/10/2023,Join
KIRBY888,2023-10-12_1697045678169.gif,Fishing,13/10/2023,Join
RonaldoSiuu,2023-10-12_1697045678169.gif,Fishing,13/10/2023,Join
RonaldoSiuu,2023-10-12_1697048144159.jpg,Scuba diving,13/10/2023,Join
MamaMiya,2023-10-12_1697045470730.gif,Concert,13/10/2023,Join
